<?xml version="1.0" encoding="UTF-8"?>
<project-private xmlns="http://www.netbeans.org/ns/project-private/1">
    <editor-bookmarks xmlns="http://www.netbeans.org/ns/editor-bookmarks/2" lastBookmarkId="0"/>
    <open-files xmlns="http://www.netbeans.org/ns/projectui-open-files/2">
        <group>
            <file>file:/C:/Users/ASUS%20TUF%20F17/OneDrive/Documents/UMT%20SEM4/CSM3023/Project/INOS/web/style.css</file>
            <file>file:/C:/Users/ASUS%20TUF%20F17/OneDrive/Documents/UMT%20SEM4/CSM3023/Project/INOS/web/adminReservation.jsp</file>
            <file>file:/C:/Users/ASUS%20TUF%20F17/OneDrive/Documents/UMT%20SEM4/CSM3023/Project/INOS/web/about.jsp</file>
            <file>file:/C:/Users/ASUS%20TUF%20F17/OneDrive/Documents/UMT%20SEM4/CSM3023/Project/INOS/web/register.jsp</file>
            <file>file:/C:/Users/ASUS%20TUF%20F17/OneDrive/Documents/UMT%20SEM4/CSM3023/Project/INOS/web/account.jsp</file>
            <file>file:/C:/Users/ASUS%20TUF%20F17/OneDrive/Documents/UMT%20SEM4/CSM3023/Project/INOS/web/contact.jsp</file>
            <file>file:/C:/Users/ASUS%20TUF%20F17/OneDrive/Documents/UMT%20SEM4/CSM3023/Project/INOS/web/login.jsp</file>
            <file>file:/C:/Users/ASUS%20TUF%20F17/OneDrive/Documents/UMT%20SEM4/CSM3023/Project/INOS/web/home.jsp</file>
            <file>file:/C:/Users/ASUS%20TUF%20F17/OneDrive/Documents/UMT%20SEM4/CSM3023/Project/INOS/web/support.jsp</file>
            <file>file:/C:/Users/ASUS%20TUF%20F17/OneDrive/Documents/UMT%20SEM4/CSM3023/Project/INOS/web/reservation.jsp</file>
            <file>file:/C:/Users/ASUS%20TUF%20F17/OneDrive/Documents/UMT%20SEM4/CSM3023/Project/INOS/web/adminAccount.jsp</file>
            <file>file:/C:/Users/ASUS%20TUF%20F17/OneDrive/Documents/UMT%20SEM4/CSM3023/Project/INOS/web/index.html</file>
            <file>file:/C:/Users/ASUS%20TUF%20F17/OneDrive/Documents/UMT%20SEM4/CSM3023/Project/INOS/web/webinar.jsp</file>
        </group>
    </open-files>
</project-private>
